[
  {
    "path": "/index",
    "status": 200,
    "etag": "etag5153",
    "date": "Mon, 24 Jun 2024 18:52:03 GMT"
  },
  {
    "path": "/static/file",
    "status": 410,
    "etag": "etag6978",
    "date": "Wed, 05 Feb 2025 18:52:03 GMT"
  },
  {
    "path": "/static/file",
    "status": 404,
    "etag": "etag7566",
    "date": "Tue, 04 Feb 2025 18:52:03 GMT"
  },
  {
    "path": "/static/file",
    "status": 404,
    "etag": "etag7123",
    "date": "Wed, 24 Jan 2024 18:52:03 GMT"
  },
  {
    "path": "/admin",
    "status": 404,
    "etag": "etag5340",
    "date": "Tue, 17 Dec 2024 18:52:03 GMT"
  },
  {
    "path": "/index",
    "status": 200,
    "etag": "etag7470",
    "date": "Sun, 21 Apr 2024 18:52:03 GMT"
  },
  {
    "path": "/home",
    "status": 404,
    "etag": "etag6562",
    "date": "Sun, 18 Jun 2023 18:52:03 GMT"
  },
  {
    "path": "/archive",
    "status": 404,
    "etag": "etag9544",
    "date": "Fri, 28 Jun 2024 18:52:03 GMT"
  },
  {
    "path": "/index",
    "status": 200,
    "etag": "etag1351",
    "date": "Sun, 25 Feb 2024 18:52:03 GMT"
  },
  {
    "path": "/archive",
    "status": 404,
    "etag": "etag9767",
    "date": "Sun, 07 Jan 2024 18:52:03 GMT"
  },
  {
    "path": "/index",
    "status": 404,
    "etag": "etag4155",
    "date": "Sat, 19 Oct 2024 18:52:03 GMT"
  },
  {
    "path": "/home",
    "status": 410,
    "etag": "etag7498",
    "date": "Fri, 24 May 2024 18:52:03 GMT"
  },
  {
    "path": "/static/file",
    "status": 404,
    "etag": "etag9653",
    "date": "Thu, 18 Jan 2024 18:52:03 GMT"
  },
  {
    "path": "/home",
    "status": 404,
    "etag": "etag5210",
    "date": "Tue, 20 Jun 2023 18:52:03 GMT"
  },
  {
    "path": "/admin",
    "status": 410,
    "etag": "etag4974",
    "date": "Sun, 10 Dec 2023 18:52:03 GMT"
  },
  {
    "path": "/admin",
    "status": 404,
    "etag": "etag1026",
    "date": "Tue, 25 Jun 2024 18:52:03 GMT"
  },
  {
    "path": "/static/file",
    "status": 200,
    "etag": "etag2537",
    "date": "Thu, 18 Jul 2024 18:52:03 GMT"
  },
  {
    "path": "/api/data",
    "status": 200,
    "etag": "etag5587",
    "date": "Mon, 26 Feb 2024 18:52:03 GMT"
  },
  {
    "path": "/admin",
    "status": 404,
    "etag": "etag2355",
    "date": "Thu, 11 Apr 2024 18:52:03 GMT"
  },
  {
    "path": "/archive",
    "status": 410,
    "etag": "etag6897",
    "date": "Sat, 07 Sep 2024 18:52:03 GMT"
  },
  {
    "path": "/admin",
    "status": 410,
    "etag": "etag4629",
    "date": "Fri, 11 Aug 2023 18:52:03 GMT"
  },
  {
    "path": "/api/data",
    "status": 410,
    "etag": "etag8556",
    "date": "Mon, 30 Dec 2024 18:52:03 GMT"
  },
  {
    "path": "/api/data",
    "status": 410,
    "etag": "etag8744",
    "date": "Mon, 17 Jun 2024 18:52:03 GMT"
  },
  {
    "path": "/api/user",
    "status": 404,
    "etag": "etag3970",
    "date": "Tue, 24 Dec 2024 18:52:03 GMT"
  },
  {
    "path": "/api/data",
    "status": 404,
    "etag": "etag7542",
    "date": "Tue, 12 Sep 2023 18:52:03 GMT"
  },
  {
    "path": "/archive",
    "status": 200,
    "etag": "etag4830",
    "date": "Wed, 07 Feb 2024 18:52:03 GMT"
  },
  {
    "path": "/api/data",
    "status": 404,
    "etag": "etag2039",
    "date": "Sat, 23 Nov 2024 18:52:03 GMT"
  },
  {
    "path": "/home",
    "status": 404,
    "etag": "etag6815",
    "date": "Thu, 08 Aug 2024 18:52:03 GMT"
  },
  {
    "path": "/login",
    "status": 200,
    "etag": "etag5331",
    "date": "Sat, 14 Oct 2023 18:52:03 GMT"
  },
  {
    "path": "/static/file",
    "status": 404,
    "etag": "etag1693",
    "date": "Sat, 03 Feb 2024 18:52:03 GMT"
  },
  {
    "path": "/index",
    "status": 404,
    "etag": "etag2743",
    "date": "Thu, 01 May 2025 18:52:03 GMT"
  },
  {
    "path": "/api/user",
    "status": 404,
    "etag": "etag3894",
    "date": "Wed, 25 Sep 2024 18:52:03 GMT"
  },
  {
    "path": "/flag.txt",
    "status": 410,
    "etag": "etag7262",
    "date": "Sat, 18 May 2024 18:52:03 GMT"
  },
  {
    "path": "/static/file",
    "status": 200,
    "etag": "etag2764",
    "date": "Sun, 06 Apr 2025 18:52:03 GMT"
  },
  {
    "path": "/index",
    "status": 404,
    "etag": "etag2487",
    "date": "Thu, 18 Apr 2024 18:52:03 GMT"
  },
  {
    "path": "/index",
    "status": 404,
    "etag": "etag5370",
    "date": "Wed, 05 Jul 2023 18:52:03 GMT"
  },
  {
    "path": "/flag.txt",
    "status": 404,
    "etag": "etag7403",
    "date": "Fri, 04 Apr 2025 18:52:03 GMT"
  },
  {
    "path": "/flag.txt",
    "status": 200,
    "etag": "etag2231",
    "date": "Wed, 10 Jan 2024 18:52:03 GMT"
  },
  {
    "path": "/flag.txt",
    "status": 304,
    "etag": "etag6853",
    "date": "Thu, 19 May 2022 07:33:50 GMT"
  },
  {
    "path": "/flag.txt",
    "status": 200,
    "etag": "etag2882",
    "date": "Fri, 22 Mar 2024 18:52:03 GMT"
  },
  {
    "path": "/flag.txt",
    "status": 200,
    "etag": "etag4074",
    "date": "Tue, 27 Feb 2024 18:52:03 GMT"
  },
  {
    "path": "/index",
    "status": 404,
    "etag": "etag7285",
    "date": "Mon, 08 Jul 2024 18:52:03 GMT"
  },
  {
    "path": "/static/file",
    "status": 200,
    "etag": "etag1993",
    "date": "Mon, 11 Nov 2024 18:52:03 GMT"
  },
  {
    "path": "/archive",
    "status": 200,
    "etag": "etag4168",
    "date": "Sat, 11 Jan 2025 18:52:03 GMT"
  },
  {
    "path": "/api/user",
    "status": 200,
    "etag": "etag2709",
    "date": "Sat, 19 Oct 2024 18:52:03 GMT"
  },
  {
    "path": "/admin",
    "status": 410,
    "etag": "etag2639",
    "date": "Fri, 14 Jul 2023 18:52:03 GMT"
  },
  {
    "path": "/api/user",
    "status": 404,
    "etag": "etag7574",
    "date": "Thu, 07 Nov 2024 18:52:03 GMT"
  },
  {
    "path": "/api/user",
    "status": 410,
    "etag": "etag2163",
    "date": "Sat, 18 Jan 2025 18:52:03 GMT"
  },
  {
    "path": "/login",
    "status": 404,
    "etag": "etag4816",
    "date": "Mon, 03 Mar 2025 18:52:03 GMT"
  },
  {
    "path": "/static/file",
    "status": 410,
    "etag": "etag1264",
    "date": "Sat, 08 Jul 2023 18:52:03 GMT"
  },
  {
    "path": "/index",
    "status": 410,
    "etag": "etag2649",
    "date": "Tue, 28 Jan 2025 18:52:03 GMT"
  },
  {
    "path": "/flag.txt",
    "status": 200,
    "etag": "etag9278",
    "date": "Fri, 12 Jan 2024 18:52:03 GMT"
  },
  {
    "path": "/api/user",
    "status": 200,
    "etag": "etag8237",
    "date": "Wed, 29 May 2024 18:52:03 GMT"
  },
  {
    "path": "/static/file",
    "status": 404,
    "etag": "etag4038",
    "date": "Wed, 02 Aug 2023 18:52:03 GMT"
  },
  {
    "path": "/api/user",
    "status": 410,
    "etag": "etag5449",
    "date": "Thu, 07 Sep 2023 18:52:03 GMT"
  },
  {
    "path": "/flag.txt",
    "status": 410,
    "etag": "etag8849",
    "date": "Thu, 07 Sep 2023 18:52:03 GMT"
  },
  {
    "path": "/login",
    "status": 404,
    "etag": "etag8446",
    "date": "Tue, 28 Nov 2023 18:52:03 GMT"
  },
  {
    "path": "/archive",
    "status": 410,
    "etag": "etag4685",
    "date": "Fri, 19 Jan 2024 18:52:03 GMT"
  },
  {
    "path": "/archive",
    "status": 404,
    "etag": "etag3825",
    "date": "Fri, 01 Mar 2024 18:52:03 GMT"
  },
  {
    "path": "/flag.txt",
    "status": 410,
    "etag": "etag4742",
    "date": "Sat, 13 Jan 2024 18:52:03 GMT"
  },
  {
    "path": "/login",
    "status": 410,
    "etag": "etag6367",
    "date": "Tue, 04 Jun 2024 18:52:03 GMT"
  },
  {
    "path": "/api/user",
    "status": 410,
    "etag": "etag2664",
    "date": "Sat, 06 Apr 2024 18:52:03 GMT"
  },
  {
    "path": "/index",
    "status": 410,
    "etag": "etag1977",
    "date": "Thu, 04 Apr 2024 18:52:03 GMT"
  },
  {
    "path": "/api/user",
    "status": 200,
    "etag": "etag2397",
    "date": "Thu, 01 Feb 2024 18:52:03 GMT"
  },
  {
    "path": "/api/user",
    "status": 404,
    "etag": "etag6567",
    "date": "Sun, 11 Aug 2024 18:52:03 GMT"
  },
  {
    "path": "/archive",
    "status": 200,
    "etag": "etag2559",
    "date": "Wed, 17 Jul 2024 18:52:03 GMT"
  },
  {
    "path": "/home",
    "status": 404,
    "etag": "etag2630",
    "date": "Tue, 01 Apr 2025 18:52:03 GMT"
  },
  {
    "path": "/api/data",
    "status": 200,
    "etag": "etag1114",
    "date": "Sat, 26 Aug 2023 18:52:03 GMT"
  },
  {
    "path": "/home",
    "status": 200,
    "etag": "etag6392",
    "date": "Sat, 14 Sep 2024 18:52:03 GMT"
  },
  {
    "path": "/api/user",
    "status": 410,
    "etag": "etag1305",
    "date": "Sun, 21 Apr 2024 18:52:03 GMT"
  },
  {
    "path": "/index",
    "status": 410,
    "etag": "etag5317",
    "date": "Sun, 18 Jun 2023 18:52:03 GMT"
  },
  {
    "path": "/api/user",
    "status": 404,
    "etag": "etag4327",
    "date": "Thu, 28 Nov 2024 18:52:03 GMT"
  },
  {
    "path": "/flag.txt",
    "status": 404,
    "etag": "etag5573",
    "date": "Mon, 23 Dec 2024 18:52:03 GMT"
  },
  {
    "path": "/archive",
    "status": 200,
    "etag": "etag1284",
    "date": "Sat, 18 Jan 2025 18:52:03 GMT"
  },
  {
    "path": "/api/user",
    "status": 410,
    "etag": "etag9534",
    "date": "Thu, 27 Feb 2025 18:52:03 GMT"
  },
  {
    "path": "/static/file",
    "status": 404,
    "etag": "etag8355",
    "date": "Fri, 11 Aug 2023 18:52:03 GMT"
  },
  {
    "path": "/login",
    "status": 200,
    "etag": "etag9705",
    "date": "Sun, 28 Jul 2024 18:52:03 GMT"
  },
  {
    "path": "/archive",
    "status": 200,
    "etag": "etag4294",
    "date": "Wed, 02 Apr 2025 18:52:03 GMT"
  },
  {
    "path": "/login",
    "status": 404,
    "etag": "etag4943",
    "date": "Thu, 17 Aug 2023 18:52:03 GMT"
  },
  {
    "path": "/api/data",
    "status": 200,
    "etag": "etag3874",
    "date": "Mon, 26 Jun 2023 18:52:03 GMT"
  },
  {
    "path": "/flag.txt",
    "status": 200,
    "etag": "etag5478",
    "date": "Tue, 20 Feb 2024 18:52:03 GMT"
  },
  {
    "path": "/flag.txt",
    "status": 200,
    "etag": "etag3864",
    "date": "Mon, 04 Sep 2023 18:52:03 GMT"
  },
  {
    "path": "/home",
    "status": 200,
    "etag": "etag3795",
    "date": "Sat, 17 Jun 2023 18:52:03 GMT"
  },
  {
    "path": "/login",
    "status": 200,
    "etag": "etag2290",
    "date": "Mon, 07 Oct 2024 18:52:03 GMT"
  },
  {
    "path": "/api/user",
    "status": 410,
    "etag": "etag5054",
    "date": "Sun, 25 Feb 2024 18:52:03 GMT"
  },
  {
    "path": "/api/user",
    "status": 410,
    "etag": "etag4778",
    "date": "Wed, 16 Apr 2025 18:52:03 GMT"
  },
  {
    "path": "/index",
    "status": 404,
    "etag": "etag6497",
    "date": "Mon, 15 Jul 2024 18:52:03 GMT"
  },
  {
    "path": "/home",
    "status": 200,
    "etag": "etag7848",
    "date": "Sun, 01 Dec 2024 18:52:03 GMT"
  },
  {
    "path": "/static/file",
    "status": 410,
    "etag": "etag1660",
    "date": "Mon, 04 Dec 2023 18:52:03 GMT"
  },
  {
    "path": "/flag.txt",
    "status": 200,
    "etag": "etag9139",
    "date": "Mon, 21 Apr 2025 18:52:03 GMT"
  },
  {
    "path": "/index",
    "status": 200,
    "etag": "etag6361",
    "date": "Thu, 08 May 2025 18:52:03 GMT"
  },
  {
    "path": "/index",
    "status": 200,
    "etag": "etag4618",
    "date": "Mon, 15 Jan 2024 18:52:03 GMT"
  },
  {
    "path": "/index",
    "status": 200,
    "etag": "etag2362",
    "date": "Sun, 28 Jul 2024 18:52:03 GMT"
  },
  {
    "path": "/api/data",
    "status": 410,
    "etag": "etag2459",
    "date": "Thu, 04 Jul 2024 18:52:03 GMT"
  },
  {
    "path": "/login",
    "status": 410,
    "etag": "etag3744",
    "date": "Wed, 25 Sep 2024 18:52:03 GMT"
  },
  {
    "path": "/api/user",
    "status": 200,
    "etag": "etag7051",
    "date": "Wed, 12 Jun 2024 18:52:03 GMT"
  },
  {
    "path": "/home",
    "status": 410,
    "etag": "etag4458",
    "date": "Tue, 29 Oct 2024 18:52:03 GMT"
  },
  {
    "path": "/flag.txt",
    "status": 410,
    "etag": "etag4685",
    "date": "Fri, 06 Oct 2023 18:52:03 GMT"
  },
  {
    "path": "/archive",
    "status": 410,
    "etag": "etag4697",
    "date": "Sat, 05 Oct 2024 18:52:03 GMT"
  },
  {
    "path": "/api/user",
    "status": 404,
    "etag": "etag4131",
    "date": "Wed, 03 Jul 2024 18:52:03 GMT"
  },
  {
    "path": "/index",
    "status": 200,
    "etag": "etag5278",
    "date": "Sun, 24 Sep 2023 18:52:03 GMT"
  },
  {
    "path": "/static/file",
    "status": 404,
    "etag": "etag7839",
    "date": "Mon, 07 Apr 2025 18:52:03 GMT"
  },
  {
    "path": "/static/file",
    "status": 410,
    "etag": "etag2916",
    "date": "Mon, 04 Mar 2024 18:52:03 GMT"
  },
  {
    "path": "/static/file",
    "status": 404,
    "etag": "etag4187",
    "date": "Mon, 10 Mar 2025 18:52:03 GMT"
  },
  {
    "path": "/api/data",
    "status": 404,
    "etag": "etag6390",
    "date": "Sat, 16 Nov 2024 18:52:03 GMT"
  },
  {
    "path": "/archive",
    "status": 410,
    "etag": "etag3051",
    "date": "Mon, 30 Sep 2024 18:52:03 GMT"
  },
  {
    "path": "/index",
    "status": 410,
    "etag": "etag9361",
    "date": "Sun, 06 Oct 2024 18:52:03 GMT"
  },
  {
    "path": "/login",
    "status": 200,
    "etag": "etag9102",
    "date": "Sun, 10 Nov 2024 18:52:03 GMT"
  },
  {
    "path": "/api/user",
    "status": 200,
    "etag": "etag1590",
    "date": "Tue, 10 Oct 2023 18:52:03 GMT"
  },
  {
    "path": "/archive",
    "status": 410,
    "etag": "etag3012",
    "date": "Sat, 16 Dec 2023 18:52:03 GMT"
  },
  {
    "path": "/login",
    "status": 410,
    "etag": "etag4778",
    "date": "Sun, 09 Feb 2025 18:52:03 GMT"
  },
  {
    "path": "/flag.txt",
    "status": 200,
    "etag": "etag6370",
    "date": "Wed, 05 Feb 2025 18:52:03 GMT"
  },
  {
    "path": "/archive",
    "status": 404,
    "etag": "etag3043",
    "date": "Tue, 05 Dec 2023 18:52:03 GMT"
  },
  {
    "path": "/archive",
    "status": 404,
    "etag": "etag8584",
    "date": "Fri, 15 Nov 2024 18:52:03 GMT"
  },
  {
    "path": "/api/data",
    "status": 410,
    "etag": "etag8220",
    "date": "Wed, 10 Jul 2024 18:52:03 GMT"
  },
  {
    "path": "/index",
    "status": 410,
    "etag": "etag3996",
    "date": "Thu, 14 Sep 2023 18:52:03 GMT"
  },
  {
    "path": "/home",
    "status": 410,
    "etag": "etag2283",
    "date": "Tue, 24 Sep 2024 18:52:03 GMT"
  },
  {
    "path": "/index",
    "status": 200,
    "etag": "etag1114",
    "date": "Sun, 28 Jul 2024 18:52:03 GMT"
  },
  {
    "path": "/home",
    "status": 410,
    "etag": "etag4487",
    "date": "Fri, 03 May 2024 18:52:03 GMT"
  },
  {
    "path": "/archive",
    "status": 404,
    "etag": "etag6814",
    "date": "Wed, 19 Jul 2023 18:52:03 GMT"
  },
  {
    "path": "/static/file",
    "status": 410,
    "etag": "etag8717",
    "date": "Wed, 06 Dec 2023 18:52:03 GMT"
  },
  {
    "path": "/archive",
    "status": 410,
    "etag": "etag5184",
    "date": "Wed, 27 Sep 2023 18:52:03 GMT"
  },
  {
    "path": "/admin",
    "status": 410,
    "etag": "etag4220",
    "date": "Thu, 07 Mar 2024 18:52:03 GMT"
  },
  {
    "path": "/flag.txt",
    "status": 410,
    "etag": "etag5973",
    "date": "Fri, 27 Sep 2024 18:52:03 GMT"
  },
  {
    "path": "/archive",
    "status": 404,
    "etag": "etag7070",
    "date": "Sat, 03 May 2025 18:52:03 GMT"
  },
  {
    "path": "/flag.txt",
    "status": 410,
    "etag": "etag1902",
    "date": "Fri, 11 Apr 2025 18:52:03 GMT"
  },
  {
    "path": "/flag.txt",
    "status": 410,
    "etag": "etag1979",
    "date": "Sun, 09 Feb 2025 18:52:03 GMT"
  },
  {
    "path": "/archive",
    "status": 404,
    "etag": "etag1318",
    "date": "Wed, 23 Apr 2025 18:52:03 GMT"
  },
  {
    "path": "/api/user",
    "status": 200,
    "etag": "etag5055",
    "date": "Sat, 18 Nov 2023 18:52:03 GMT"
  },
  {
    "path": "/home",
    "status": 200,
    "etag": "etag5192",
    "date": "Thu, 23 Jan 2025 18:52:03 GMT"
  },
  {
    "path": "/login",
    "status": 410,
    "etag": "etag1247",
    "date": "Sat, 20 Apr 2024 18:52:03 GMT"
  },
  {
    "path": "/index",
    "status": 410,
    "etag": "etag4292",
    "date": "Tue, 17 Sep 2024 18:52:03 GMT"
  },
  {
    "path": "/login",
    "status": 410,
    "etag": "etag5777",
    "date": "Sat, 11 Jan 2025 18:52:03 GMT"
  },
  {
    "path": "/login",
    "status": 200,
    "etag": "etag9741",
    "date": "Wed, 18 Sep 2024 18:52:03 GMT"
  },
  {
    "path": "/index",
    "status": 410,
    "etag": "etag2567",
    "date": "Thu, 07 Sep 2023 18:52:03 GMT"
  },
  {
    "path": "/api/data",
    "status": 404,
    "etag": "etag6800",
    "date": "Sun, 21 Apr 2024 18:52:03 GMT"
  },
  {
    "path": "/static/file",
    "status": 410,
    "etag": "etag7104",
    "date": "Thu, 05 Dec 2024 18:52:03 GMT"
  },
  {
    "path": "/admin",
    "status": 404,
    "etag": "etag5906",
    "date": "Mon, 24 Feb 2025 18:52:03 GMT"
  },
  {
    "path": "/api/user",
    "status": 200,
    "etag": "etag9395",
    "date": "Wed, 25 Oct 2023 18:52:03 GMT"
  },
  {
    "path": "/flag.txt",
    "status": 410,
    "etag": "etag5546",
    "date": "Sat, 09 Dec 2023 18:52:03 GMT"
  },
  {
    "path": "/api/user",
    "status": 410,
    "etag": "etag7400",
    "date": "Sat, 05 Oct 2024 18:52:03 GMT"
  },
  {
    "path": "/static/file",
    "status": 410,
    "etag": "etag5432",
    "date": "Mon, 04 Dec 2023 18:52:03 GMT"
  },
  {
    "path": "/login",
    "status": 200,
    "etag": "etag3215",
    "date": "Thu, 31 Aug 2023 18:52:03 GMT"
  },
  {
    "path": "/home",
    "status": 410,
    "etag": "etag1863",
    "date": "Wed, 19 Jul 2023 18:52:03 GMT"
  },
  {
    "path": "/home",
    "status": 410,
    "etag": "etag4893",
    "date": "Sun, 12 Nov 2023 18:52:03 GMT"
  },
  {
    "path": "/admin",
    "status": 410,
    "etag": "etag2089",
    "date": "Fri, 27 Sep 2024 18:52:03 GMT"
  },
  {
    "path": "/admin",
    "status": 200,
    "etag": "etag6249",
    "date": "Wed, 29 Nov 2023 18:52:03 GMT"
  },
  {
    "path": "/static/file",
    "status": 410,
    "etag": "etag7001",
    "date": "Sun, 10 Nov 2024 18:52:03 GMT"
  },
  {
    "path": "/admin",
    "status": 200,
    "etag": "etag1525",
    "date": "Sun, 15 Sep 2024 18:52:03 GMT"
  },
  {
    "path": "/login",
    "status": 404,
    "etag": "etag9113",
    "date": "Tue, 17 Sep 2024 18:52:03 GMT"
  },
  {
    "path": "/flag.txt",
    "status": 404,
    "etag": "etag2617",
    "date": "Fri, 15 Dec 2023 18:52:03 GMT"
  },
  {
    "path": "/index",
    "status": 410,
    "etag": "etag7869",
    "date": "Mon, 25 Dec 2023 18:52:03 GMT"
  },
  {
    "path": "/index",
    "status": 410,
    "etag": "etag3654",
    "date": "Wed, 26 Feb 2025 18:52:03 GMT"
  },
  {
    "path": "/flag.txt",
    "status": 410,
    "etag": "etag8853",
    "date": "Wed, 20 Mar 2024 18:52:03 GMT"
  },
  {
    "path": "/static/file",
    "status": 410,
    "etag": "etag5271",
    "date": "Sat, 18 Nov 2023 18:52:03 GMT"
  },
  {
    "path": "/admin",
    "status": 200,
    "etag": "etag4786",
    "date": "Tue, 03 Oct 2023 18:52:03 GMT"
  },
  {
    "path": "/static/file",
    "status": 200,
    "etag": "etag2006",
    "date": "Mon, 06 Jan 2025 18:52:03 GMT"
  },
  {
    "path": "/api/user",
    "status": 404,
    "etag": "etag4639",
    "date": "Wed, 13 Sep 2023 18:52:03 GMT"
  },
  {
    "path": "/archive",
    "status": 200,
    "etag": "etag2089",
    "date": "Wed, 25 Oct 2023 18:52:03 GMT"
  },
  {
    "path": "/archive",
    "status": 404,
    "etag": "etag7422",
    "date": "Sat, 19 Oct 2024 18:52:03 GMT"
  },
  {
    "path": "/flag.txt",
    "status": 404,
    "etag": "etag6906",
    "date": "Tue, 27 Feb 2024 18:52:03 GMT"
  },
  {
    "path": "/admin",
    "status": 404,
    "etag": "etag8912",
    "date": "Sat, 03 May 2025 18:52:03 GMT"
  },
  {
    "path": "/api/data",
    "status": 200,
    "etag": "etag5618",
    "date": "Sat, 14 Dec 2024 18:52:03 GMT"
  },
  {
    "path": "/index",
    "status": 200,
    "etag": "etag5935",
    "date": "Tue, 27 Aug 2024 18:52:03 GMT"
  },
  {
    "path": "/admin",
    "status": 404,
    "etag": "etag2354",
    "date": "Fri, 30 Jun 2023 18:52:03 GMT"
  },
  {
    "path": "/flag.txt",
    "status": 200,
    "etag": "etag2352",
    "date": "Mon, 24 Feb 2025 18:52:03 GMT"
  },
  {
    "path": "/archive",
    "status": 410,
    "etag": "etag8456",
    "date": "Wed, 16 Apr 2025 18:52:03 GMT"
  },
  {
    "path": "/admin",
    "status": 404,
    "etag": "etag6735",
    "date": "Mon, 06 Nov 2023 18:52:03 GMT"
  },
  {
    "path": "/index",
    "status": 200,
    "etag": "etag7743",
    "date": "Wed, 21 Feb 2024 18:52:03 GMT"
  },
  {
    "path": "/flag.txt",
    "status": 404,
    "etag": "etag6043",
    "date": "Tue, 28 May 2024 18:52:03 GMT"
  },
  {
    "path": "/api/data",
    "status": 410,
    "etag": "etag1120",
    "date": "Sat, 09 Dec 2023 18:52:03 GMT"
  },
  {
    "path": "/index",
    "status": 404,
    "etag": "etag7243",
    "date": "Fri, 10 Nov 2023 18:52:03 GMT"
  },
  {
    "path": "/static/file",
    "status": 404,
    "etag": "etag5107",
    "date": "Wed, 06 Sep 2023 18:52:03 GMT"
  },
  {
    "path": "/admin",
    "status": 410,
    "etag": "etag2346",
    "date": "Tue, 05 Nov 2024 18:52:03 GMT"
  },
  {
    "path": "/index",
    "status": 404,
    "etag": "etag9683",
    "date": "Sun, 24 Dec 2023 18:52:03 GMT"
  },
  {
    "path": "/api/data",
    "status": 410,
    "etag": "etag4307",
    "date": "Tue, 18 Feb 2025 18:52:03 GMT"
  },
  {
    "path": "/flag.txt",
    "status": 404,
    "etag": "etag5331",
    "date": "Mon, 04 Nov 2024 18:52:03 GMT"
  },
  {
    "path": "/archive",
    "status": 410,
    "etag": "etag2365",
    "date": "Mon, 02 Sep 2024 18:52:03 GMT"
  },
  {
    "path": "/login",
    "status": 200,
    "etag": "etag8654",
    "date": "Fri, 07 Jun 2024 18:52:03 GMT"
  },
  {
    "path": "/api/data",
    "status": 404,
    "etag": "etag3723",
    "date": "Sun, 10 Mar 2024 18:52:03 GMT"
  },
  {
    "path": "/archive",
    "status": 410,
    "etag": "etag4266",
    "date": "Sun, 02 Feb 2025 18:52:03 GMT"
  },
  {
    "path": "/flag.txt",
    "status": 410,
    "etag": "etag9826",
    "date": "Sun, 06 Apr 2025 18:52:03 GMT"
  },
  {
    "path": "/api/user",
    "status": 404,
    "etag": "etag2503",
    "date": "Mon, 14 Oct 2024 18:52:03 GMT"
  },
  {
    "path": "/home",
    "status": 404,
    "etag": "etag7539",
    "date": "Fri, 14 Jun 2024 18:52:03 GMT"
  },
  {
    "path": "/static/file",
    "status": 200,
    "etag": "etag1955",
    "date": "Sat, 05 Apr 2025 18:52:03 GMT"
  },
  {
    "path": "/static/file",
    "status": 410,
    "etag": "etag8075",
    "date": "Mon, 20 Jan 2025 18:52:03 GMT"
  },
  {
    "path": "/index",
    "status": 200,
    "etag": "etag2620",
    "date": "Fri, 20 Sep 2024 18:52:03 GMT"
  },
  {
    "path": "/index",
    "status": 410,
    "etag": "etag8857",
    "date": "Mon, 06 May 2024 18:52:03 GMT"
  },
  {
    "path": "/api/data",
    "status": 404,
    "etag": "etag7841",
    "date": "Sun, 12 Nov 2023 18:52:03 GMT"
  },
  {
    "path": "/home",
    "status": 410,
    "etag": "etag4860",
    "date": "Mon, 23 Oct 2023 18:52:03 GMT"
  },
  {
    "path": "/api/data",
    "status": 410,
    "etag": "etag3216",
    "date": "Sun, 02 Jul 2023 18:52:03 GMT"
  },
  {
    "path": "/login",
    "status": 410,
    "etag": "etag2503",
    "date": "Tue, 11 Mar 2025 18:52:03 GMT"
  },
  {
    "path": "/home",
    "status": 410,
    "etag": "etag6293",
    "date": "Sun, 27 Aug 2023 18:52:03 GMT"
  },
  {
    "path": "/home",
    "status": 200,
    "etag": "etag3042",
    "date": "Sun, 02 Mar 2025 18:52:03 GMT"
  },
  {
    "path": "/login",
    "status": 200,
    "etag": "etag3685",
    "date": "Mon, 11 Mar 2024 18:52:03 GMT"
  },
  {
    "path": "/admin",
    "status": 410,
    "etag": "etag7654",
    "date": "Mon, 26 Feb 2024 18:52:03 GMT"
  },
  {
    "path": "/archive",
    "status": 200,
    "etag": "etag1315",
    "date": "Tue, 18 Feb 2025 18:52:03 GMT"
  },
  {
    "path": "/login",
    "status": 200,
    "etag": "etag7522",
    "date": "Wed, 14 Feb 2024 18:52:03 GMT"
  },
  {
    "path": "/archive",
    "status": 404,
    "etag": "etag3311",
    "date": "Sun, 02 Jun 2024 18:52:03 GMT"
  },
  {
    "path": "/index",
    "status": 200,
    "etag": "etag4920",
    "date": "Mon, 03 Jul 2023 18:52:03 GMT"
  },
  {
    "path": "/admin",
    "status": 404,
    "etag": "etag2912",
    "date": "Thu, 05 Oct 2023 18:52:03 GMT"
  }
]